<?xml version="1.0" encoding="UTF-8"?>
<project-private xmlns="http://www.netbeans.org/ns/project-private/1">
    <editor-bookmarks xmlns="http://www.netbeans.org/ns/editor-bookmarks/2" lastBookmarkId="0"/>
    <open-files xmlns="http://www.netbeans.org/ns/projectui-open-files/2">
        <group>
            <file>file:/C:/Users/aritr/OneDrive/Desktop/Project/hospital_management_system/Hospital%20Management%20System/src/Bill_WardRecord.java</file>
            <file>file:/C:/Users/aritr/OneDrive/Desktop/Project/hospital_management_system/Hospital%20Management%20System/src/Connect.java</file>
            <file>file:/C:/Users/aritr/OneDrive/Desktop/Project/hospital_management_system/Hospital%20Management%20System/src/Bill_Room.java</file>
            <file>file:/C:/Users/aritr/OneDrive/Desktop/Project/hospital_management_system/Hospital%20Management%20System/src/ChangePassword.java</file>
            <file>file:/C:/Users/aritr/OneDrive/Desktop/Project/hospital_management_system/Hospital%20Management%20System/src/About.java</file>
            <file>file:/C:/Users/aritr/OneDrive/Desktop/Project/hospital_management_system/Hospital%20Management%20System/src/Bill_Ward.java</file>
            <file>file:/C:/Users/aritr/OneDrive/Desktop/Project/hospital_management_system/Hospital%20Management%20System/src/Bill_RoomRecord.java</file>
            <file>file:/C:/Users/aritr/OneDrive/Desktop/Project/hospital_management_system/Hospital%20Management%20System/src/LoginDetails.java</file>
            <file>file:/C:/Users/aritr/OneDrive/Desktop/Project/hospital_management_system/Hospital%20Management%20System/src/Contact.java</file>
            <file>file:/C:/Users/aritr/OneDrive/Desktop/Project/hospital_management_system/Hospital%20Management%20System/src/Doctor.java</file>
            <file>file:/C:/Users/aritr/OneDrive/Desktop/Project/hospital_management_system/Hospital%20Management%20System/src/Login.java</file>
            <file>file:/C:/Users/aritr/OneDrive/Desktop/Project/hospital_management_system/Hospital%20Management%20System/src/DoctorRecord.java</file>
        </group>
    </open-files>
</project-private>
